{
	"info": {
		"_postman_id": "db110ea6-a574-4daf-9cc9-85b449b78b8e",
		"name": "Spring-Boot-JPA-RESTful-Demo",
		"schema": "https://schema.getpostman.com/json/collection/v2.1.0/collection.json"
	},
	"item": [
		{
			"name": "http://localhost:8080/api/v1/employees",
			"request": {
				"method": "GET",
				"header": [],
				"url": {
					"raw": "http://localhost:8080/api/v1/employees",
					"protocol": "http",
					"host": [
						"localhost"
					],
					"port": "8080",
					"path": [
						"api",
						"v1",
						"employees"
					]
				}
			},
			"response": []
		},
		{
			"name": "http://localhost:8080/api/v1/employees Copy",
			"request": {
				"method": "POST",
				"header": [
					{
						"key": "Accept",
						"value": "application/json",
						"type": "default"
					}
				],
				"body": {
					"mode": "raw",
					"raw": "{\r\n  \t\"firstName\":\"G\",\r\n    \"age\":38,\r\n  \t\"lastName\":\"D\",\r\n  \t\"emailId\":\"gd@s.com\"\r\n}",
					"options": {
						"raw": {
							"language": "json"
						}
					}
				},
				"url": {
					"raw": "http://localhost:8080/api/v1/employees/",
					"protocol": "http",
					"host": [
						"localhost"
					],
					"port": "8080",
					"path": [
						"api",
						"v1",
						"employees",
						""
					]
				}
			},
			"response": []
		},
		{
			"name": "http://localhost:8080/api/v1/employees Copy 2",
			"request": {
				"method": "PUT",
				"header": [
					{
						"key": "Accept",
						"value": "application/json",
						"type": "default"
					}
				],
				"body": {
					"mode": "raw",
					"raw": "{\r\n    \"id\": 11,\r\n    \"firstName\": \"G\",\r\n    \"lastName\": \"D\",\r\n    \"emailId\": \"gd@gd.com\",\r\n    \"age\": 65,\r\n    \"ipAddress\": \"222.122.11.111\"\r\n}",
					"options": {
						"raw": {
							"language": "json"
						}
					}
				},
				"url": {
					"raw": "http://localhost:8080/api/v1/employees/1",
					"protocol": "http",
					"host": [
						"localhost"
					],
					"port": "8080",
					"path": [
						"api",
						"v1",
						"employees",
						"1"
					]
				}
			},
			"response": []
		},
		{
			"name": "http://localhost:8080/api/v1/employees Copy 3",
			"request": {
				"method": "DELETE",
				"header": [
					{
						"key": "Accept",
						"value": "application/json",
						"type": "default"
					}
				],
				"body": {
					"mode": "raw",
					"raw": "{\r\n    \"id\": 11,\r\n    \"firstName\": \"G\",\r\n    \"lastName\": \"D\",\r\n    \"emailId\": \"gd@gd.com\",\r\n    \"age\": 65,\r\n    \"ipAddress\": \"222.122.11.111\"\r\n}",
					"options": {
						"raw": {
							"language": "json"
						}
					}
				},
				"url": {
					"raw": "http://localhost:8080/api/v1/employees/1",
					"protocol": "http",
					"host": [
						"localhost"
					],
					"port": "8080",
					"path": [
						"api",
						"v1",
						"employees",
						"1"
					]
				}
			},
			"response": []
		},
		{
			"name": "http://localhost:8080/api/v1/employees Copy 4",
			"request": {
				"method": "PATCH",
				"header": [
					{
						"key": "Accept",
						"value": "application/json",
						"type": "default"
					}
				],
				"body": {
					"mode": "raw",
					"raw": "{\r\n    \"id\": 11,\r\n    \"firstName\": \"G\",\r\n    \"lastName\": \"D\",\r\n    \"emailId\": \"gd@gd.com\",\r\n    \"age\": 65,\r\n    \"ipAddress\": \"222.122.11.111\"\r\n}",
					"options": {
						"raw": {
							"language": "json"
						}
					}
				},
				"url": {
					"raw": "http://localhost:8080/api/v1/employees/1",
					"protocol": "http",
					"host": [
						"localhost"
					],
					"port": "8080",
					"path": [
						"api",
						"v1",
						"employees",
						"1"
					]
				}
			},
			"response": []
		}
	]
}